country_region_code,country_region,sub_region_1,sub_region_2,metro_area,iso_3166_2_code,census_fips_code,place_id,date,retail_and_recreation_percent_change_from_baseline,grocery_and_pharmacy_percent_change_from_baseline,parks_percent_change_from_baseline,transit_stations_percent_change_from_baseline,workplaces_percent_change_from_baseline,residential_percent_change_from_baseline
PE,Peru,Lima Province,"",,PE-LMA,,ChIJSRRF8k7BBZERGaqtInjbr-s,2020-02-15,2,1,1,2,0,-1
PE,Peru,Lima Province,"",,PE-LMA,,ChIJSRRF8k7BBZERGaqtInjbr-s,2020-02-16,1,1,-2,1,0,0
PE,Peru,Lima Province,"",,PE-LMA,,ChIJSRRF8k7BBZERGaqtInjbr-s,2020-02-17,1,1,1,1,1,0
PE,Peru,Lima Province,"",,PE-LMA,,ChIJSRRF8k7BBZERGaqtInjbr-s,2020-02-18,0,0,1,0,2,0
PE,Peru,Lima Province,"",,PE-LMA,,ChIJSRRF8k7BBZERGaqtInjbr-s,2020-02-19,0,-1,-2,-1,1,1
PE,Peru,Lima Province,"",,PE-LMA,,ChIJSRRF8k7BBZERGaqtInjbr-s,2020-02-20,0,-1,-1,1,1,0
PE,Peru,Lima Province,"",,PE-LMA,,ChIJSRRF8k7BBZERGaqtInjbr-s,2020-02-21,-1,-1,0,0,1,0
PE,Peru,Lima Province,"",,PE-LMA,,ChIJSRRF8k7BBZERGaqtInjbr-s,2020-02-22,-1,-2,0,2,1,0
PE,Peru,Lima Province,"",,PE-LMA,,ChIJSRRF8k7BBZERGaqtInjbr-s,2020-02-23,-2,-2,-2,-3,0,0
PE,Peru,Lima Province,"",,PE-LMA,,ChIJSRRF8k7BBZERGaqtInjbr-s,2020-02-24,-1,-2,0,0,0,0
PE,Peru,Lima Province,"",,PE-LMA,,ChIJSRRF8k7BBZERGaqtInjbr-s,2020-02-25,0,-1,-1,-2,0,0
PE,Peru,Lima Province,"",,PE-LMA,,ChIJSRRF8k7BBZERGaqtInjbr-s,2020-02-26,1,-1,0,-3,0,0
PE,Peru,Lima Province,"",,PE-LMA,,ChIJSRRF8k7BBZERGaqtInjbr-s,2020-02-27,0,-1,-1,1,0,0
PE,Peru,Lima Province,"",,PE-LMA,,ChIJSRRF8k7BBZERGaqtInjbr-s,2020-02-28,3,1,-2,0,1,0
PE,Peru,Lima Province,"",,PE-LMA,,ChIJSRRF8k7BBZERGaqtInjbr-s,2020-02-29,5,5,4,7,2,-1
PE,Peru,Lima Province,"",,PE-LMA,,ChIJSRRF8k7BBZERGaqtInjbr-s,2020-03-01,7,8,-2,3,2,-1
PE,Peru,Lima Province,"",,PE-LMA,,ChIJSRRF8k7BBZERGaqtInjbr-s,2020-03-02,3,5,0,1,2,0
PE,Peru,Lima Province,"",,PE-LMA,,ChIJSRRF8k7BBZERGaqtInjbr-s,2020-03-03,4,4,-1,2,2,0
PE,Peru,Lima Province,"",,PE-LMA,,ChIJSRRF8k7BBZERGaqtInjbr-s,2020-03-04,3,4,-4,2,2,0
PE,Peru,Lima Province,"",,PE-LMA,,ChIJSRRF8k7BBZERGaqtInjbr-s,2020-03-05,1,5,-2,1,3,0
PE,Peru,Lima Province,"",,PE-LMA,,ChIJSRRF8k7BBZERGaqtInjbr-s,2020-03-06,1,2,-2,3,4,0
PE,Peru,Lima Province,"",,PE-LMA,,ChIJSRRF8k7BBZERGaqtInjbr-s,2020-03-07,2,2,2,6,2,0
PE,Peru,Lima Province,"",,PE-LMA,,ChIJSRRF8k7BBZERGaqtInjbr-s,2020-03-08,6,7,-5,-1,3,1
PE,Peru,Lima Province,"",,PE-LMA,,ChIJSRRF8k7BBZERGaqtInjbr-s,2020-03-09,-2,3,-2,1,2,1
PE,Peru,Lima Province,"",,PE-LMA,,ChIJSRRF8k7BBZERGaqtInjbr-s,2020-03-10,-2,3,-4,0,2,0
PE,Peru,Lima Province,"",,PE-LMA,,ChIJSRRF8k7BBZERGaqtInjbr-s,2020-03-11,-5,2,-5,-2,1,1
PE,Peru,Lima Province,"",,PE-LMA,,ChIJSRRF8k7BBZERGaqtInjbr-s,2020-03-12,-8,6,-11,-7,-1,3
PE,Peru,Lima Province,"",,PE-LMA,,ChIJSRRF8k7BBZERGaqtInjbr-s,2020-03-13,-10,2,-11,-8,-3,4
PE,Peru,Lima Province,"",,PE-LMA,,ChIJSRRF8k7BBZERGaqtInjbr-s,2020-03-14,-13,1,-14,-10,-3,5
PE,Peru,Lima Province,"",,PE-LMA,,ChIJSRRF8k7BBZERGaqtInjbr-s,2020-03-15,-21,17,-28,-18,-1,6
PE,Peru,Lima Province,"",,PE-LMA,,ChIJSRRF8k7BBZERGaqtInjbr-s,2020-03-16,-57,-5,-52,-51,-52,25
PE,Peru,Lima Province,"",,PE-LMA,,ChIJSRRF8k7BBZERGaqtInjbr-s,2020-03-17,-81,-46,-74,-77,-76,39
PE,Peru,Lima Province,"",,PE-LMA,,ChIJSRRF8k7BBZERGaqtInjbr-s,2020-03-18,-84,-54,-79,-83,-79,42
PE,Peru,Lima Province,"",,PE-LMA,,ChIJSRRF8k7BBZERGaqtInjbr-s,2020-03-19,-87,-61,-82,-84,-82,45
PE,Peru,Lima Province,"",,PE-LMA,,ChIJSRRF8k7BBZERGaqtInjbr-s,2020-03-20,-88,-62,-84,-85,-82,47
PE,Peru,Lima Province,"",,PE-LMA,,ChIJSRRF8k7BBZERGaqtInjbr-s,2020-03-21,-88,-62,-84,-85,-77,38
PE,Peru,Lima Province,"",,PE-LMA,,ChIJSRRF8k7BBZERGaqtInjbr-s,2020-03-22,-87,-62,-84,-83,-64,29
PE,Peru,Lima Province,"",,PE-LMA,,ChIJSRRF8k7BBZERGaqtInjbr-s,2020-03-23,-86,-62,-82,-85,-82,44
PE,Peru,Lima Province,"",,PE-LMA,,ChIJSRRF8k7BBZERGaqtInjbr-s,2020-03-24,-87,-62,-82,-86,-82,44
PE,Peru,Lima Province,"",,PE-LMA,,ChIJSRRF8k7BBZERGaqtInjbr-s,2020-03-25,-86,-61,-82,-86,-82,44
PE,Peru,Lima Province,"",,PE-LMA,,ChIJSRRF8k7BBZERGaqtInjbr-s,2020-03-26,-86,-58,-82,-85,-82,44
PE,Peru,Lima Province,"",,PE-LMA,,ChIJSRRF8k7BBZERGaqtInjbr-s,2020-03-27,-85,-58,-82,-83,-81,46
PE,Peru,Lima Province,"",,PE-LMA,,ChIJSRRF8k7BBZERGaqtInjbr-s,2020-03-28,-86,-57,-82,-82,-74,37
PE,Peru,Lima Province,"",,PE-LMA,,ChIJSRRF8k7BBZERGaqtInjbr-s,2020-03-29,-85,-58,-83,-82,-62,29
PE,Peru,Lima Province,"",,PE-LMA,,ChIJSRRF8k7BBZERGaqtInjbr-s,2020-03-30,-83,-58,-79,-82,-80,42
PE,Peru,Lima Province,"",,PE-LMA,,ChIJSRRF8k7BBZERGaqtInjbr-s,2020-03-31,-84,-57,-81,-84,-80,42
PE,Peru,Lima Province,"",,PE-LMA,,ChIJSRRF8k7BBZERGaqtInjbr-s,2020-04-01,-85,-57,-81,-84,-81,44
PE,Peru,Lima Province,"",,PE-LMA,,ChIJSRRF8k7BBZERGaqtInjbr-s,2020-04-02,-85,-56,-82,-84,-81,44
PE,Peru,Lima Province,"",,PE-LMA,,ChIJSRRF8k7BBZERGaqtInjbr-s,2020-04-03,-86,-57,-84,-85,-81,45
PE,Peru,Lima Province,"",,PE-LMA,,ChIJSRRF8k7BBZERGaqtInjbr-s,2020-04-04,-88,-65,-86,-86,-76,38
PE,Peru,Lima Province,"",,PE-LMA,,ChIJSRRF8k7BBZERGaqtInjbr-s,2020-04-05,-97,-96,-94,-93,-82,33
PE,Peru,Lima Province,"",,PE-LMA,,ChIJSRRF8k7BBZERGaqtInjbr-s,2020-04-06,-84,-53,-80,-83,-81,42
PE,Peru,Lima Province,"",,PE-LMA,,ChIJSRRF8k7BBZERGaqtInjbr-s,2020-04-07,-86,-61,-83,-86,-81,43
PE,Peru,Lima Province,"",,PE-LMA,,ChIJSRRF8k7BBZERGaqtInjbr-s,2020-04-08,-80,-40,-78,-82,-80,41
PE,Peru,Lima Province,"",,PE-LMA,,ChIJSRRF8k7BBZERGaqtInjbr-s,2020-04-09,-98,-96,-94,-95,-94,52
PE,Peru,Lima Province,"",,PE-LMA,,ChIJSRRF8k7BBZERGaqtInjbr-s,2020-04-10,-98,-97,-95,-96,-94,54
PE,Peru,Lima Province,"",,PE-LMA,,ChIJSRRF8k7BBZERGaqtInjbr-s,2020-04-11,-84,-51,-80,-81,-74,37
PE,Peru,Lima Province,"",,PE-LMA,,ChIJSRRF8k7BBZERGaqtInjbr-s,2020-04-12,-97,-96,-94,-93,-82,34
PE,Peru,Lima Province,"",,PE-LMA,,ChIJSRRF8k7BBZERGaqtInjbr-s,2020-04-13,-82,-51,-77,-80,-78,41
PE,Peru,Lima Province,"",,PE-LMA,,ChIJSRRF8k7BBZERGaqtInjbr-s,2020-04-14,-84,-57,-81,-83,-80,42
PE,Peru,Lima Province,"",,PE-LMA,,ChIJSRRF8k7BBZERGaqtInjbr-s,2020-04-15,-84,-59,-81,-83,-80,43
PE,Peru,Lima Province,"",,PE-LMA,,ChIJSRRF8k7BBZERGaqtInjbr-s,2020-04-16,-85,-60,-81,-83,-80,44
PE,Peru,Lima Province,"",,PE-LMA,,ChIJSRRF8k7BBZERGaqtInjbr-s,2020-04-17,-85,-59,-81,-83,-79,45
PE,Peru,Lima Province,"",,PE-LMA,,ChIJSRRF8k7BBZERGaqtInjbr-s,2020-04-18,-85,-58,-79,-79,-73,36
PE,Peru,Lima Province,"",,PE-LMA,,ChIJSRRF8k7BBZERGaqtInjbr-s,2020-04-19,-97,-97,-94,-94,-82,34
PE,Peru,Lima Province,"",,PE-LMA,,ChIJSRRF8k7BBZERGaqtInjbr-s,2020-04-20,-82,-56,-77,-79,-78,41
PE,Peru,Lima Province,"",,PE-LMA,,ChIJSRRF8k7BBZERGaqtInjbr-s,2020-04-21,-86,-67,-82,-84,-81,43
PE,Peru,Lima Province,"",,PE-LMA,,ChIJSRRF8k7BBZERGaqtInjbr-s,2020-04-22,-84,-60,-80,-82,-79,43
PE,Peru,Lima Province,"",,PE-LMA,,ChIJSRRF8k7BBZERGaqtInjbr-s,2020-04-23,-85,-62,-80,-82,-80,43
PE,Peru,Lima Province,"",,PE-LMA,,ChIJSRRF8k7BBZERGaqtInjbr-s,2020-04-24,-84,-60,-80,-81,-78,44
PE,Peru,Lima Province,"",,PE-LMA,,ChIJSRRF8k7BBZERGaqtInjbr-s,2020-04-25,-83,-56,-78,-78,-72,36
PE,Peru,Lima Province,"",,PE-LMA,,ChIJSRRF8k7BBZERGaqtInjbr-s,2020-04-26,-97,-97,-94,-94,-82,33
PE,Peru,Lima Province,"",,PE-LMA,,ChIJSRRF8k7BBZERGaqtInjbr-s,2020-04-27,-81,-56,-76,-78,-76,41
PE,Peru,Lima Province,"",,PE-LMA,,ChIJSRRF8k7BBZERGaqtInjbr-s,2020-04-28,-82,-58,-78,-80,-78,37
PE,Peru,Lima Province,"",,PE-LMA,,ChIJSRRF8k7BBZERGaqtInjbr-s,2020-04-29,-82,-57,-77,-79,-77,41
PE,Peru,Lima Province,"",,PE-LMA,,ChIJSRRF8k7BBZERGaqtInjbr-s,2020-04-30,-82,-55,-76,-78,-77,41
PE,Peru,Lima Province,"",,PE-LMA,,ChIJSRRF8k7BBZERGaqtInjbr-s,2020-05-01,-87,-64,-83,-85,-84,47
PE,Peru,Lima Province,"",,PE-LMA,,ChIJSRRF8k7BBZERGaqtInjbr-s,2020-05-02,-83,-57,-77,-77,-70,35
PE,Peru,Lima Province,"",,PE-LMA,,ChIJSRRF8k7BBZERGaqtInjbr-s,2020-05-03,-97,-97,-94,-94,-82,34
PE,Peru,Lima Province,"",,PE-LMA,,ChIJSRRF8k7BBZERGaqtInjbr-s,2020-05-04,-79,-54,-73,-75,-75,39
PE,Peru,Lima Province,"",,PE-LMA,,ChIJSRRF8k7BBZERGaqtInjbr-s,2020-05-05,-80,-55,-75,-77,-76,40
PE,Peru,Lima Province,"",,PE-LMA,,ChIJSRRF8k7BBZERGaqtInjbr-s,2020-05-06,-82,-57,-75,-77,-75,41
PE,Peru,Lima Province,"",,PE-LMA,,ChIJSRRF8k7BBZERGaqtInjbr-s,2020-05-07,-85,-56,-74,-75,-76,41
PE,Peru,Lima Province,"",,PE-LMA,,ChIJSRRF8k7BBZERGaqtInjbr-s,2020-05-08,-84,-54,-74,-75,-74,42
PE,Peru,Lima Province,"",,PE-LMA,,ChIJSRRF8k7BBZERGaqtInjbr-s,2020-05-09,-81,-42,-68,-67,-64,32
PE,Peru,Lima Province,"",,PE-LMA,,ChIJSRRF8k7BBZERGaqtInjbr-s,2020-05-10,-98,-96,-93,-93,-80,33
PE,Peru,Lima Province,"",,PE-LMA,,ChIJSRRF8k7BBZERGaqtInjbr-s,2020-05-11,-82,-54,-71,-72,-73,38
PE,Peru,Lima Province,"",,PE-LMA,,ChIJSRRF8k7BBZERGaqtInjbr-s,2020-05-12,-83,-53,-72,-73,-73,38
PE,Peru,Lima Province,"",,PE-LMA,,ChIJSRRF8k7BBZERGaqtInjbr-s,2020-05-13,-83,-54,-71,-73,-73,39
PE,Peru,Lima Province,"",,PE-LMA,,ChIJSRRF8k7BBZERGaqtInjbr-s,2020-05-14,-84,-54,-70,-73,-73,38
PE,Peru,Lima Province,"",,PE-LMA,,ChIJSRRF8k7BBZERGaqtInjbr-s,2020-05-15,-83,-53,-71,-72,-72,41
PE,Peru,Lima Province,"",,PE-LMA,,ChIJSRRF8k7BBZERGaqtInjbr-s,2020-05-16,-82,-47,-68,-67,-63,32
PE,Peru,Lima Province,"",,PE-LMA,,ChIJSRRF8k7BBZERGaqtInjbr-s,2020-05-17,-98,-96,-93,-93,-80,33
PE,Peru,Lima Province,"",,PE-LMA,,ChIJSRRF8k7BBZERGaqtInjbr-s,2020-05-18,-80,-47,-65,-67,-70,37
PE,Peru,Lima Province,"",,PE-LMA,,ChIJSRRF8k7BBZERGaqtInjbr-s,2020-05-19,-81,-50,-68,-70,-71,38
PE,Peru,Lima Province,"",,PE-LMA,,ChIJSRRF8k7BBZERGaqtInjbr-s,2020-05-20,-81,-50,-68,-70,-71,39
PE,Peru,Lima Province,"",,PE-LMA,,ChIJSRRF8k7BBZERGaqtInjbr-s,2020-05-21,-82,-51,-68,-70,-71,40
PE,Peru,Lima Province,"",,PE-LMA,,ChIJSRRF8k7BBZERGaqtInjbr-s,2020-05-22,-82,-50,-69,-69,-69,40
PE,Peru,Lima Province,"",,PE-LMA,,ChIJSRRF8k7BBZERGaqtInjbr-s,2020-05-23,-80,-43,-64,-62,-58,31
PE,Peru,Lima Province,"",,PE-LMA,,ChIJSRRF8k7BBZERGaqtInjbr-s,2020-05-24,-98,-96,-93,-93,-79,33
PE,Peru,Lima Province,"",,PE-LMA,,ChIJSRRF8k7BBZERGaqtInjbr-s,2020-05-25,-75,-41,-58,-60,-66,35
PE,Peru,Lima Province,"",,PE-LMA,,ChIJSRRF8k7BBZERGaqtInjbr-s,2020-05-26,-77,-45,-63,-65,-66,35
PE,Peru,Lima Province,"",,PE-LMA,,ChIJSRRF8k7BBZERGaqtInjbr-s,2020-05-27,-77,-45,-62,-64,-66,36
PE,Peru,Lima Province,"",,PE-LMA,,ChIJSRRF8k7BBZERGaqtInjbr-s,2020-05-28,-78,-46,-63,-65,-66,37
PE,Peru,Lima Province,"",,PE-LMA,,ChIJSRRF8k7BBZERGaqtInjbr-s,2020-05-29,-78,-43,-63,-64,-65,37
PE,Peru,Lima Province,"",,PE-LMA,,ChIJSRRF8k7BBZERGaqtInjbr-s,2020-05-30,-76,-36,-59,-56,-51,28
PE,Peru,Lima Province,"",,PE-LMA,,ChIJSRRF8k7BBZERGaqtInjbr-s,2020-05-31,-98,-96,-93,-93,-78,33
PE,Peru,Lima Province,"",,PE-LMA,,ChIJSRRF8k7BBZERGaqtInjbr-s,2020-06-01,-73,-37,-56,-58,-61,33
PE,Peru,Lima Province,"",,PE-LMA,,ChIJSRRF8k7BBZERGaqtInjbr-s,2020-06-02,-75,-40,-59,-61,-63,34
PE,Peru,Lima Province,"",,PE-LMA,,ChIJSRRF8k7BBZERGaqtInjbr-s,2020-06-03,-75,-41,-59,-61,-63,35
PE,Peru,Lima Province,"",,PE-LMA,,ChIJSRRF8k7BBZERGaqtInjbr-s,2020-06-04,-76,-41,-59,-61,-63,35
PE,Peru,Lima Province,"",,PE-LMA,,ChIJSRRF8k7BBZERGaqtInjbr-s,2020-06-05,-75,-39,-60,-61,-62,36
PE,Peru,Lima Province,"",,PE-LMA,,ChIJSRRF8k7BBZERGaqtInjbr-s,2020-06-06,-73,-33,-56,-53,-49,28
PE,Peru,Lima Province,"",,PE-LMA,,ChIJSRRF8k7BBZERGaqtInjbr-s,2020-06-07,-98,-96,-92,-92,-77,33
PE,Peru,Lima Province,"",,PE-LMA,,ChIJSRRF8k7BBZERGaqtInjbr-s,2020-06-08,-71,-35,-53,-56,-59,31
PE,Peru,Lima Province,"",,PE-LMA,,ChIJSRRF8k7BBZERGaqtInjbr-s,2020-06-09,-73,-39,-58,-60,-61,33
PE,Peru,Lima Province,"",,PE-LMA,,ChIJSRRF8k7BBZERGaqtInjbr-s,2020-06-10,-72,-39,-57,-60,-61,33
PE,Peru,Lima Province,"",,PE-LMA,,ChIJSRRF8k7BBZERGaqtInjbr-s,2020-06-11,-73,-39,-57,-60,-61,34
PE,Peru,Lima Province,"",,PE-LMA,,ChIJSRRF8k7BBZERGaqtInjbr-s,2020-06-12,-72,-38,-58,-59,-60,34
PE,Peru,Lima Province,"",,PE-LMA,,ChIJSRRF8k7BBZERGaqtInjbr-s,2020-06-13,-70,-29,-52,-50,-45,26
PE,Peru,Lima Province,"",,PE-LMA,,ChIJSRRF8k7BBZERGaqtInjbr-s,2020-06-14,-98,-95,-92,-92,-76,33
PE,Peru,Lima Province,"",,PE-LMA,,ChIJSRRF8k7BBZERGaqtInjbr-s,2020-06-15,-67,-30,-49,-53,-57,29
PE,Peru,Lima Province,"",,PE-LMA,,ChIJSRRF8k7BBZERGaqtInjbr-s,2020-06-16,-69,-33,-51,-56,-58,31
PE,Peru,Lima Province,"",,PE-LMA,,ChIJSRRF8k7BBZERGaqtInjbr-s,2020-06-17,-69,-34,-53,-56,-59,32
PE,Peru,Lima Province,"",,PE-LMA,,ChIJSRRF8k7BBZERGaqtInjbr-s,2020-06-18,-70,-34,-53,-56,-59,32
PE,Peru,Lima Province,"",,PE-LMA,,ChIJSRRF8k7BBZERGaqtInjbr-s,2020-06-19,-69,-30,-53,-54,-57,30
PE,Peru,Lima Province,"",,PE-LMA,,ChIJSRRF8k7BBZERGaqtInjbr-s,2020-06-20,-66,-18,-45,-43,-39,22
PE,Peru,Lima Province,"",,PE-LMA,,ChIJSRRF8k7BBZERGaqtInjbr-s,2020-06-21,-97,-95,-91,-92,-74,32
PE,Peru,Lima Province,"",,PE-LMA,,ChIJSRRF8k7BBZERGaqtInjbr-s,2020-06-22,-65,-34,-49,-53,-58,29
PE,Peru,Lima Province,"",,PE-LMA,,ChIJSRRF8k7BBZERGaqtInjbr-s,2020-06-23,-66,-34,-50,-54,-59,31
PE,Peru,Lima Province,"",,PE-LMA,,ChIJSRRF8k7BBZERGaqtInjbr-s,2020-06-24,-65,-35,-51,-55,-57,31
PE,Peru,Lima Province,"",,PE-LMA,,ChIJSRRF8k7BBZERGaqtInjbr-s,2020-06-25,-65,-34,-51,-55,-57,31
PE,Peru,Lima Province,"",,PE-LMA,,ChIJSRRF8k7BBZERGaqtInjbr-s,2020-06-26,-65,-33,-51,-54,-55,31
PE,Peru,Lima Province,"",,PE-LMA,,ChIJSRRF8k7BBZERGaqtInjbr-s,2020-06-27,-61,-22,-44,-43,-40,22
PE,Peru,Lima Province,"",,PE-LMA,,ChIJSRRF8k7BBZERGaqtInjbr-s,2020-06-28,-97,-95,-91,-92,-75,33
PE,Peru,Lima Province,"",,PE-LMA,,ChIJSRRF8k7BBZERGaqtInjbr-s,2020-06-29,-64,-31,-51,-61,-69,34
PE,Peru,Lima Province,"",,PE-LMA,,ChIJSRRF8k7BBZERGaqtInjbr-s,2020-06-30,-59,-29,-45,-51,-53,27
PE,Peru,Lima Province,"",,PE-LMA,,ChIJSRRF8k7BBZERGaqtInjbr-s,2020-07-01,-58,-28,-45,-52,-54,28
PE,Peru,Lima Province,"",,PE-LMA,,ChIJSRRF8k7BBZERGaqtInjbr-s,2020-07-02,-59,-29,-46,-53,-54,28
PE,Peru,Lima Province,"",,PE-LMA,,ChIJSRRF8k7BBZERGaqtInjbr-s,2020-07-03,-59,-28,-46,-52,-53,29
PE,Peru,Lima Province,"",,PE-LMA,,ChIJSRRF8k7BBZERGaqtInjbr-s,2020-07-04,-55,-22,-41,-42,-37,21
PE,Peru,Lima Province,"",,PE-LMA,,ChIJSRRF8k7BBZERGaqtInjbr-s,2020-07-05,-70,-43,-57,-61,-38,22
PE,Peru,Lima Province,"",,PE-LMA,,ChIJSRRF8k7BBZERGaqtInjbr-s,2020-07-06,-54,-27,-40,-48,-53,26
PE,Peru,Lima Province,"",,PE-LMA,,ChIJSRRF8k7BBZERGaqtInjbr-s,2020-07-07,-56,-28,-43,-52,-54,27
PE,Peru,Lima Province,"",,PE-LMA,,ChIJSRRF8k7BBZERGaqtInjbr-s,2020-07-08,-56,-30,-45,-52,-53,27
PE,Peru,Lima Province,"",,PE-LMA,,ChIJSRRF8k7BBZERGaqtInjbr-s,2020-07-09,-57,-30,-45,-51,-53,28
PE,Peru,Lima Province,"",,PE-LMA,,ChIJSRRF8k7BBZERGaqtInjbr-s,2020-07-10,-57,-29,-45,-51,-51,28
PE,Peru,Lima Province,"",,PE-LMA,,ChIJSRRF8k7BBZERGaqtInjbr-s,2020-07-11,-54,-22,-38,-40,-34,20
PE,Peru,Lima Province,"",,PE-LMA,,ChIJSRRF8k7BBZERGaqtInjbr-s,2020-07-12,-65,-37,-50,-55,-32,20
PE,Peru,Lima Province,"",,PE-LMA,,ChIJSRRF8k7BBZERGaqtInjbr-s,2020-07-13,-54,-29,-40,-50,-51,26
PE,Peru,Lima Province,"",,PE-LMA,,ChIJSRRF8k7BBZERGaqtInjbr-s,2020-07-14,-53,-28,-42,-52,-52,26
PE,Peru,Lima Province,"",,PE-LMA,,ChIJSRRF8k7BBZERGaqtInjbr-s,2020-07-15,-50,-27,-44,-52,-51,26
PE,Peru,Lima Province,"",,PE-LMA,,ChIJSRRF8k7BBZERGaqtInjbr-s,2020-07-16,-52,-27,-44,-51,-51,27
PE,Peru,Lima Province,"",,PE-LMA,,ChIJSRRF8k7BBZERGaqtInjbr-s,2020-07-17,-52,-26,-43,-50,-50,27
PE,Peru,Lima Province,"",,PE-LMA,,ChIJSRRF8k7BBZERGaqtInjbr-s,2020-07-18,-47,-21,-37,-38,-33,19
PE,Peru,Lima Province,"",,PE-LMA,,ChIJSRRF8k7BBZERGaqtInjbr-s,2020-07-19,-57,-32,-48,-51,-30,19
PE,Peru,Lima Province,"",,PE-LMA,,ChIJSRRF8k7BBZERGaqtInjbr-s,2020-07-20,-48,-27,-39,-49,-50,25
PE,Peru,Lima Province,"",,PE-LMA,,ChIJSRRF8k7BBZERGaqtInjbr-s,2020-07-21,-50,-27,-42,-51,-51,25
PE,Peru,Lima Province,"",,PE-LMA,,ChIJSRRF8k7BBZERGaqtInjbr-s,2020-07-22,-50,-28,-42,-52,-49,26
PE,Peru,Lima Province,"",,PE-LMA,,ChIJSRRF8k7BBZERGaqtInjbr-s,2020-07-23,-52,-28,-43,-51,-50,26
PE,Peru,Lima Province,"",,PE-LMA,,ChIJSRRF8k7BBZERGaqtInjbr-s,2020-07-24,-52,-28,-42,-51,-48,27
PE,Peru,Lima Province,"",,PE-LMA,,ChIJSRRF8k7BBZERGaqtInjbr-s,2020-07-25,-46,-21,-37,-38,-32,19
PE,Peru,Lima Province,"",,PE-LMA,,ChIJSRRF8k7BBZERGaqtInjbr-s,2020-07-26,-57,-32,-50,-52,-29,19
PE,Peru,Lima Province,"",,PE-LMA,,ChIJSRRF8k7BBZERGaqtInjbr-s,2020-07-27,-44,-21,-31,-44,-49,23
PE,Peru,Lima Province,"",,PE-LMA,,ChIJSRRF8k7BBZERGaqtInjbr-s,2020-07-28,-62,-36,-52,-67,-71,33
PE,Peru,Lima Province,"",,PE-LMA,,ChIJSRRF8k7BBZERGaqtInjbr-s,2020-07-29,-51,-30,-45,-54,-52,26
PE,Peru,Lima Province,"",,PE-LMA,,ChIJSRRF8k7BBZERGaqtInjbr-s,2020-07-30,-49,-26,-39,-49,-50,25
PE,Peru,Lima Province,"",,PE-LMA,,ChIJSRRF8k7BBZERGaqtInjbr-s,2020-07-31,-49,-25,-41,-48,-48,25
PE,Peru,Lima Province,"",,PE-LMA,,ChIJSRRF8k7BBZERGaqtInjbr-s,2020-08-01,-45,-20,-37,-38,-32,19
PE,Peru,Lima Province,"",,PE-LMA,,ChIJSRRF8k7BBZERGaqtInjbr-s,2020-08-02,-54,-29,-47,-50,-29,18
PE,Peru,Lima Province,"",,PE-LMA,,ChIJSRRF8k7BBZERGaqtInjbr-s,2020-08-03,-47,-26,-39,-48,-49,24
PE,Peru,Lima Province,"",,PE-LMA,,ChIJSRRF8k7BBZERGaqtInjbr-s,2020-08-04,-48,-26,-41,-50,-50,25
PE,Peru,Lima Province,"",,PE-LMA,,ChIJSRRF8k7BBZERGaqtInjbr-s,2020-08-05,-47,-26,-40,-50,-49,25
PE,Peru,Lima Province,"",,PE-LMA,,ChIJSRRF8k7BBZERGaqtInjbr-s,2020-08-06,-50,-28,-42,-50,-50,26
PE,Peru,Lima Province,"",,PE-LMA,,ChIJSRRF8k7BBZERGaqtInjbr-s,2020-08-07,-50,-29,-43,-50,-48,26
PE,Peru,Lima Province,"",,PE-LMA,,ChIJSRRF8k7BBZERGaqtInjbr-s,2020-08-08,-45,-23,-37,-39,-31,19
PE,Peru,Lima Province,"",,PE-LMA,,ChIJSRRF8k7BBZERGaqtInjbr-s,2020-08-09,-54,-30,-45,-50,-28,18
PE,Peru,Lima Province,"",,PE-LMA,,ChIJSRRF8k7BBZERGaqtInjbr-s,2020-08-10,-47,-28,-39,-49,-48,24
PE,Peru,Lima Province,"",,PE-LMA,,ChIJSRRF8k7BBZERGaqtInjbr-s,2020-08-11,-48,-28,-40,-51,-50,25
PE,Peru,Lima Province,"",,PE-LMA,,ChIJSRRF8k7BBZERGaqtInjbr-s,2020-08-12,-47,-28,-41,-51,-49,25
PE,Peru,Lima Province,"",,PE-LMA,,ChIJSRRF8k7BBZERGaqtInjbr-s,2020-08-13,-49,-28,-41,-50,-49,25
PE,Peru,Lima Province,"",,PE-LMA,,ChIJSRRF8k7BBZERGaqtInjbr-s,2020-08-14,-49,-25,-42,-49,-47,26
PE,Peru,Lima Province,"",,PE-LMA,,ChIJSRRF8k7BBZERGaqtInjbr-s,2020-08-15,-40,-9,-33,-36,-29,17
PE,Peru,Lima Province,"",,PE-LMA,,ChIJSRRF8k7BBZERGaqtInjbr-s,2020-08-16,-94,-94,-90,-90,-74,31
PE,Peru,Lima Province,"",,PE-LMA,,ChIJSRRF8k7BBZERGaqtInjbr-s,2020-08-17,-44,-20,-37,-46,-46,22
PE,Peru,Lima Province,"",,PE-LMA,,ChIJSRRF8k7BBZERGaqtInjbr-s,2020-08-18,-47,-25,-42,-50,-46,24
PE,Peru,Lima Province,"",,PE-LMA,,ChIJSRRF8k7BBZERGaqtInjbr-s,2020-08-19,-48,-27,-42,-50,-47,25
PE,Peru,Lima Province,"",,PE-LMA,,ChIJSRRF8k7BBZERGaqtInjbr-s,2020-08-20,-48,-27,-42,-50,-47,25
PE,Peru,Lima Province,"",,PE-LMA,,ChIJSRRF8k7BBZERGaqtInjbr-s,2020-08-21,-49,-26,-42,-50,-45,25
PE,Peru,Lima Province,"",,PE-LMA,,ChIJSRRF8k7BBZERGaqtInjbr-s,2020-08-22,-41,-12,-34,-36,-27,17
PE,Peru,Lima Province,"",,PE-LMA,,ChIJSRRF8k7BBZERGaqtInjbr-s,2020-08-23,-94,-93,-89,-90,-73,31
PE,Peru,Lima Province,"",,PE-LMA,,ChIJSRRF8k7BBZERGaqtInjbr-s,2020-08-24,-44,-23,-35,-47,-45,22
PE,Peru,Lima Province,"",,PE-LMA,,ChIJSRRF8k7BBZERGaqtInjbr-s,2020-08-25,-47,-26,-40,-49,-46,24
PE,Peru,Lima Province,"",,PE-LMA,,ChIJSRRF8k7BBZERGaqtInjbr-s,2020-08-26,-47,-28,-41,-51,-45,24
PE,Peru,Lima Province,"",,PE-LMA,,ChIJSRRF8k7BBZERGaqtInjbr-s,2020-08-27,-49,-27,-42,-50,-45,24
PE,Peru,Lima Province,"",,PE-LMA,,ChIJSRRF8k7BBZERGaqtInjbr-s,2020-08-28,-48,-24,-40,-48,-43,24
PE,Peru,Lima Province,"",,PE-LMA,,ChIJSRRF8k7BBZERGaqtInjbr-s,2020-08-29,-40,-10,-33,-35,-26,16
PE,Peru,Lima Province,"",,PE-LMA,,ChIJSRRF8k7BBZERGaqtInjbr-s,2020-08-30,-94,-93,-88,-90,-72,31
PE,Peru,Lima Province,"",,PE-LMA,,ChIJSRRF8k7BBZERGaqtInjbr-s,2020-08-31,-42,-20,-34,-45,-44,21
PE,Peru,Lima Province,"",,PE-LMA,,ChIJSRRF8k7BBZERGaqtInjbr-s,2020-09-01,-45,-22,-38,-48,-45,23
PE,Peru,Lima Province,"",,PE-LMA,,ChIJSRRF8k7BBZERGaqtInjbr-s,2020-09-02,-46,-26,-41,-50,-45,24
PE,Peru,Lima Province,"",,PE-LMA,,ChIJSRRF8k7BBZERGaqtInjbr-s,2020-09-03,-47,-26,-40,-49,-45,24
PE,Peru,Lima Province,"",,PE-LMA,,ChIJSRRF8k7BBZERGaqtInjbr-s,2020-09-04,-46,-25,-40,-48,-43,24
PE,Peru,Lima Province,"",,PE-LMA,,ChIJSRRF8k7BBZERGaqtInjbr-s,2020-09-05,-38,-9,-30,-33,-27,15
PE,Peru,Lima Province,"",,PE-LMA,,ChIJSRRF8k7BBZERGaqtInjbr-s,2020-09-06,-94,-93,-88,-90,-73,31
PE,Peru,Lima Province,"",,PE-LMA,,ChIJSRRF8k7BBZERGaqtInjbr-s,2020-09-07,-42,-22,-33,-45,-44,21
PE,Peru,Lima Province,"",,PE-LMA,,ChIJSRRF8k7BBZERGaqtInjbr-s,2020-09-08,-45,-25,-36,-48,-46,22
PE,Peru,Lima Province,"",,PE-LMA,,ChIJSRRF8k7BBZERGaqtInjbr-s,2020-09-09,-45,-27,-37,-50,-44,22
PE,Peru,Lima Province,"",,PE-LMA,,ChIJSRRF8k7BBZERGaqtInjbr-s,2020-09-10,-46,-27,-38,-50,-45,23
PE,Peru,Lima Province,"",,PE-LMA,,ChIJSRRF8k7BBZERGaqtInjbr-s,2020-09-11,-47,-27,-39,-49,-43,24
PE,Peru,Lima Province,"",,PE-LMA,,ChIJSRRF8k7BBZERGaqtInjbr-s,2020-09-12,-38,-10,-29,-34,-25,15
PE,Peru,Lima Province,"",,PE-LMA,,ChIJSRRF8k7BBZERGaqtInjbr-s,2020-09-13,-93,-92,-86,-90,-72,31
PE,Peru,Lima Province,"",,PE-LMA,,ChIJSRRF8k7BBZERGaqtInjbr-s,2020-09-14,-42,-23,-33,-45,-40,20
PE,Peru,Lima Province,"",,PE-LMA,,ChIJSRRF8k7BBZERGaqtInjbr-s,2020-09-15,-44,-24,-37,-48,-42,22
PE,Peru,Lima Province,"",,PE-LMA,,ChIJSRRF8k7BBZERGaqtInjbr-s,2020-09-16,-44,-27,-37,-48,-42,23
PE,Peru,Lima Province,"",,PE-LMA,,ChIJSRRF8k7BBZERGaqtInjbr-s,2020-09-17,-46,-27,-37,-48,-43,23
PE,Peru,Lima Province,"",,PE-LMA,,ChIJSRRF8k7BBZERGaqtInjbr-s,2020-09-18,-46,-26,-39,-47,-41,23
PE,Peru,Lima Province,"",,PE-LMA,,ChIJSRRF8k7BBZERGaqtInjbr-s,2020-09-19,-39,-16,-31,-33,-25,15
PE,Peru,Lima Province,"",,PE-LMA,,ChIJSRRF8k7BBZERGaqtInjbr-s,2020-09-20,-70,-52,-60,-68,-41,24
PE,Peru,Lima Province,"",,PE-LMA,,ChIJSRRF8k7BBZERGaqtInjbr-s,2020-09-21,-43,-25,-35,-44,-42,21
PE,Peru,Lima Province,"",,PE-LMA,,ChIJSRRF8k7BBZERGaqtInjbr-s,2020-09-22,-46,-26,-39,-47,-43,22
PE,Peru,Lima Province,"",,PE-LMA,,ChIJSRRF8k7BBZERGaqtInjbr-s,2020-09-23,-47,-28,-42,-47,-42,23
PE,Peru,Lima Province,"",,PE-LMA,,ChIJSRRF8k7BBZERGaqtInjbr-s,2020-09-24,-48,-27,-41,-47,-42,23
PE,Peru,Lima Province,"",,PE-LMA,,ChIJSRRF8k7BBZERGaqtInjbr-s,2020-09-25,-47,-25,-40,-45,-40,23
PE,Peru,Lima Province,"",,PE-LMA,,ChIJSRRF8k7BBZERGaqtInjbr-s,2020-09-26,-41,-16,-34,-31,-23,15
PE,Peru,Lima Province,"",,PE-LMA,,ChIJSRRF8k7BBZERGaqtInjbr-s,2020-09-27,-67,-47,-58,-59,-34,22
PE,Peru,Lima Province,"",,PE-LMA,,ChIJSRRF8k7BBZERGaqtInjbr-s,2020-09-28,-45,-26,-38,-44,-41,21
PE,Peru,Lima Province,"",,PE-LMA,,ChIJSRRF8k7BBZERGaqtInjbr-s,2020-09-29,-46,-26,-40,-45,-42,21
PE,Peru,Lima Province,"",,PE-LMA,,ChIJSRRF8k7BBZERGaqtInjbr-s,2020-09-30,-46,-24,-41,-46,-41,21
PE,Peru,Lima Province,"",,PE-LMA,,ChIJSRRF8k7BBZERGaqtInjbr-s,2020-10-01,-46,-22,-40,-44,-40,21
PE,Peru,Lima Province,"",,PE-LMA,,ChIJSRRF8k7BBZERGaqtInjbr-s,2020-10-02,-46,-23,-40,-44,-39,21
PE,Peru,Lima Province,"",,PE-LMA,,ChIJSRRF8k7BBZERGaqtInjbr-s,2020-10-03,-40,-14,-34,-31,-23,14
PE,Peru,Lima Province,"",,PE-LMA,,ChIJSRRF8k7BBZERGaqtInjbr-s,2020-10-04,-65,-41,-55,-55,-32,20
PE,Peru,Lima Province,"",,PE-LMA,,ChIJSRRF8k7BBZERGaqtInjbr-s,2020-10-05,-42,-22,-35,-42,-40,19
PE,Peru,Lima Province,"",,PE-LMA,,ChIJSRRF8k7BBZERGaqtInjbr-s,2020-10-06,-45,-25,-37,-44,-41,20
PE,Peru,Lima Province,"",,PE-LMA,,ChIJSRRF8k7BBZERGaqtInjbr-s,2020-10-07,-45,-26,-39,-45,-40,20
PE,Peru,Lima Province,"",,PE-LMA,,ChIJSRRF8k7BBZERGaqtInjbr-s,2020-10-08,-49,-28,-42,-47,-42,22
PE,Peru,Lima Province,"",,PE-LMA,,ChIJSRRF8k7BBZERGaqtInjbr-s,2020-10-09,-46,-25,-40,-44,-39,22
PE,Peru,Lima Province,"",,PE-LMA,,ChIJSRRF8k7BBZERGaqtInjbr-s,2020-10-10,-39,-17,-31,-31,-20,14
PE,Peru,Lima Province,"",,PE-LMA,,ChIJSRRF8k7BBZERGaqtInjbr-s,2020-10-11,-62,-41,-51,-53,-28,20
PE,Peru,Lima Province,"",,PE-LMA,,ChIJSRRF8k7BBZERGaqtInjbr-s,2020-10-12,-43,-25,-35,-42,-39,19
PE,Peru,Lima Province,"",,PE-LMA,,ChIJSRRF8k7BBZERGaqtInjbr-s,2020-10-13,-46,-27,-39,-45,-40,21
PE,Peru,Lima Province,"",,PE-LMA,,ChIJSRRF8k7BBZERGaqtInjbr-s,2020-10-14,-44,-25,-38,-44,-39,21
PE,Peru,Lima Province,"",,PE-LMA,,ChIJSRRF8k7BBZERGaqtInjbr-s,2020-10-15,-43,-21,-37,-43,-39,21
PE,Peru,Lima Province,"",,PE-LMA,,ChIJSRRF8k7BBZERGaqtInjbr-s,2020-10-16,-44,-21,-36,-41,-37,21
PE,Peru,Lima Province,"",,PE-LMA,,ChIJSRRF8k7BBZERGaqtInjbr-s,2020-10-17,-38,-14,-31,-29,-21,13
PE,Peru,Lima Province,"",,PE-LMA,,ChIJSRRF8k7BBZERGaqtInjbr-s,2020-10-18,-61,-37,-50,-50,-28,19
PE,Peru,Lima Province,"",,PE-LMA,,ChIJSRRF8k7BBZERGaqtInjbr-s,2020-10-19,-42,-23,-35,-41,-38,19
PE,Peru,Lima Province,"",,PE-LMA,,ChIJSRRF8k7BBZERGaqtInjbr-s,2020-10-20,-42,-22,-35,-42,-39,20
PE,Peru,Lima Province,"",,PE-LMA,,ChIJSRRF8k7BBZERGaqtInjbr-s,2020-10-21,-42,-23,-36,-43,-38,20
PE,Peru,Lima Province,"",,PE-LMA,,ChIJSRRF8k7BBZERGaqtInjbr-s,2020-10-22,-43,-22,-35,-41,-38,20
PE,Peru,Lima Province,"",,PE-LMA,,ChIJSRRF8k7BBZERGaqtInjbr-s,2020-10-23,-43,-20,-35,-41,-36,20
PE,Peru,Lima Province,"",,PE-LMA,,ChIJSRRF8k7BBZERGaqtInjbr-s,2020-10-24,-36,-13,-28,-28,-19,13
PE,Peru,Lima Province,"",,PE-LMA,,ChIJSRRF8k7BBZERGaqtInjbr-s,2020-10-25,-58,-35,-46,-48,-26,18
PE,Peru,Lima Province,"",,PE-LMA,,ChIJSRRF8k7BBZERGaqtInjbr-s,2020-10-26,-41,-22,-32,-40,-37,18
PE,Peru,Lima Province,"",,PE-LMA,,ChIJSRRF8k7BBZERGaqtInjbr-s,2020-10-27,-41,-21,-34,-42,-38,19
PE,Peru,Lima Province,"",,PE-LMA,,ChIJSRRF8k7BBZERGaqtInjbr-s,2020-10-28,-41,-22,-36,-43,-36,20
PE,Peru,Lima Province,"",,PE-LMA,,ChIJSRRF8k7BBZERGaqtInjbr-s,2020-10-29,-42,-21,-37,-42,-37,20
PE,Peru,Lima Province,"",,PE-LMA,,ChIJSRRF8k7BBZERGaqtInjbr-s,2020-10-30,-42,-19,-36,-41,-35,19
PE,Peru,Lima Province,"",,PE-LMA,,ChIJSRRF8k7BBZERGaqtInjbr-s,2020-10-31,-36,-9,-30,-29,-17,12
PE,Peru,Lima Province,"",,PE-LMA,,ChIJSRRF8k7BBZERGaqtInjbr-s,2020-11-01,-59,-35,-51,-50,-27,18
PE,Peru,Lima Province,"",,PE-LMA,,ChIJSRRF8k7BBZERGaqtInjbr-s,2020-11-02,-39,-20,-34,-41,-37,18
PE,Peru,Lima Province,"",,PE-LMA,,ChIJSRRF8k7BBZERGaqtInjbr-s,2020-11-03,-40,-20,-35,-42,-38,19
PE,Peru,Lima Province,"",,PE-LMA,,ChIJSRRF8k7BBZERGaqtInjbr-s,2020-11-04,-40,-21,-36,-43,-36,20
PE,Peru,Lima Province,"",,PE-LMA,,ChIJSRRF8k7BBZERGaqtInjbr-s,2020-11-05,-40,-20,-35,-42,-37,20
PE,Peru,Lima Province,"",,PE-LMA,,ChIJSRRF8k7BBZERGaqtInjbr-s,2020-11-06,-41,-21,-37,-42,-35,20
PE,Peru,Lima Province,"",,PE-LMA,,ChIJSRRF8k7BBZERGaqtInjbr-s,2020-11-07,-34,-13,-29,-30,-17,12
PE,Peru,Lima Province,"",,PE-LMA,,ChIJSRRF8k7BBZERGaqtInjbr-s,2020-11-08,-55,-33,-44,-48,-22,17
PE,Peru,Lima Province,"",,PE-LMA,,ChIJSRRF8k7BBZERGaqtInjbr-s,2020-11-09,-39,-22,-33,-42,-36,18
PE,Peru,Lima Province,"",,PE-LMA,,ChIJSRRF8k7BBZERGaqtInjbr-s,2020-11-10,-42,-21,-35,-43,-37,20
PE,Peru,Lima Province,"",,PE-LMA,,ChIJSRRF8k7BBZERGaqtInjbr-s,2020-11-11,-41,-22,-35,-44,-36,20
PE,Peru,Lima Province,"",,PE-LMA,,ChIJSRRF8k7BBZERGaqtInjbr-s,2020-11-12,-41,-21,-30,-41,-36,20
PE,Peru,Lima Province,"",,PE-LMA,,ChIJSRRF8k7BBZERGaqtInjbr-s,2020-11-13,-46,-24,-42,-45,-35,21
PE,Peru,Lima Province,"",,PE-LMA,,ChIJSRRF8k7BBZERGaqtInjbr-s,2020-11-14,-34,-13,-27,-29,-17,12
PE,Peru,Lima Province,"",,PE-LMA,,ChIJSRRF8k7BBZERGaqtInjbr-s,2020-11-15,-52,-31,-43,-48,-21,17
PE,Peru,Lima Province,"",,PE-LMA,,ChIJSRRF8k7BBZERGaqtInjbr-s,2020-11-16,-39,-21,-33,-42,-35,18
PE,Peru,Lima Province,"",,PE-LMA,,ChIJSRRF8k7BBZERGaqtInjbr-s,2020-11-17,-41,-22,-35,-43,-36,19
PE,Peru,Lima Province,"",,PE-LMA,,ChIJSRRF8k7BBZERGaqtInjbr-s,2020-11-18,-39,-21,-34,-42,-35,19
PE,Peru,Lima Province,"",,PE-LMA,,ChIJSRRF8k7BBZERGaqtInjbr-s,2020-11-19,-39,-20,-34,-41,-35,19
PE,Peru,Lima Province,"",,PE-LMA,,ChIJSRRF8k7BBZERGaqtInjbr-s,2020-11-20,-39,-19,-35,-39,-33,19
PE,Peru,Lima Province,"",,PE-LMA,,ChIJSRRF8k7BBZERGaqtInjbr-s,2020-11-21,-32,-13,-29,-28,-15,12
PE,Peru,Lima Province,"",,PE-LMA,,ChIJSRRF8k7BBZERGaqtInjbr-s,2020-11-22,-44,-25,-38,-40,-16,14
PE,Peru,Lima Province,"",,PE-LMA,,ChIJSRRF8k7BBZERGaqtInjbr-s,2020-11-23,-37,-21,-33,-40,-34,18
PE,Peru,Lima Province,"",,PE-LMA,,ChIJSRRF8k7BBZERGaqtInjbr-s,2020-11-24,-37,-19,-32,-39,-35,18
PE,Peru,Lima Province,"",,PE-LMA,,ChIJSRRF8k7BBZERGaqtInjbr-s,2020-11-25,-36,-19,-33,-41,-33,18
PE,Peru,Lima Province,"",,PE-LMA,,ChIJSRRF8k7BBZERGaqtInjbr-s,2020-11-26,-38,-20,-32,-40,-34,18
PE,Peru,Lima Province,"",,PE-LMA,,ChIJSRRF8k7BBZERGaqtInjbr-s,2020-11-27,-36,-18,-33,-37,-32,18
PE,Peru,Lima Province,"",,PE-LMA,,ChIJSRRF8k7BBZERGaqtInjbr-s,2020-11-28,-30,-12,-29,-26,-14,11
PE,Peru,Lima Province,"",,PE-LMA,,ChIJSRRF8k7BBZERGaqtInjbr-s,2020-11-29,-40,-23,-37,-37,-13,13
PE,Peru,Lima Province,"",,PE-LMA,,ChIJSRRF8k7BBZERGaqtInjbr-s,2020-11-30,-34,-16,-29,-37,-32,17
PE,Peru,Lima Province,"",,PE-LMA,,ChIJSRRF8k7BBZERGaqtInjbr-s,2020-12-01,-33,-13,-29,-43,-34,17
PE,Peru,Lima Province,"",,PE-LMA,,ChIJSRRF8k7BBZERGaqtInjbr-s,2020-12-02,-33,-14,-30,-41,-32,17
PE,Peru,Lima Province,"",,PE-LMA,,ChIJSRRF8k7BBZERGaqtInjbr-s,2020-12-03,-34,-15,-31,-39,-32,18
PE,Peru,Lima Province,"",,PE-LMA,,ChIJSRRF8k7BBZERGaqtInjbr-s,2020-12-04,-35,-14,-32,-39,-30,18
PE,Peru,Lima Province,"",,PE-LMA,,ChIJSRRF8k7BBZERGaqtInjbr-s,2020-12-05,-26,-7,-27,-26,-12,10
PE,Peru,Lima Province,"",,PE-LMA,,ChIJSRRF8k7BBZERGaqtInjbr-s,2020-12-06,-34,-18,-35,-35,-9,11
PE,Peru,Lima Province,"",,PE-LMA,,ChIJSRRF8k7BBZERGaqtInjbr-s,2020-12-07,-31,-16,-28,-35,-33,15
PE,Peru,Lima Province,"",,PE-LMA,,ChIJSRRF8k7BBZERGaqtInjbr-s,2020-12-08,-32,-15,-35,-48,-55,23
PE,Peru,Lima Province,"",,PE-LMA,,ChIJSRRF8k7BBZERGaqtInjbr-s,2020-12-09,-33,-16,-30,-36,-31,16
PE,Peru,Lima Province,"",,PE-LMA,,ChIJSRRF8k7BBZERGaqtInjbr-s,2020-12-10,-33,-14,-28,-34,-32,17
PE,Peru,Lima Province,"",,PE-LMA,,ChIJSRRF8k7BBZERGaqtInjbr-s,2020-12-11,-34,-14,-32,-34,-30,16
PE,Peru,Lima Province,"",,PE-LMA,,ChIJSRRF8k7BBZERGaqtInjbr-s,2020-12-12,-26,-8,-26,-21,-11,10
PE,Peru,Lima Province,"",,PE-LMA,,ChIJSRRF8k7BBZERGaqtInjbr-s,2020-12-13,-32,-16,-33,-29,-5,11
PE,Peru,Lima Province,"",,PE-LMA,,ChIJSRRF8k7BBZERGaqtInjbr-s,2020-12-14,-30,-14,-28,-36,-31,15
PE,Peru,Lima Province,"",,PE-LMA,,ChIJSRRF8k7BBZERGaqtInjbr-s,2020-12-15,-27,-8,-26,-33,-32,15
PE,Peru,Lima Province,"",,PE-LMA,,ChIJSRRF8k7BBZERGaqtInjbr-s,2020-12-16,-28,-9,-27,-33,-30,15
PE,Peru,Lima Province,"",,PE-LMA,,ChIJSRRF8k7BBZERGaqtInjbr-s,2020-12-17,-27,-7,-26,-31,-30,15
PE,Peru,Lima Province,"",,PE-LMA,,ChIJSRRF8k7BBZERGaqtInjbr-s,2020-12-18,-28,-6,-28,-29,-28,14
PE,Peru,Lima Province,"",,PE-LMA,,ChIJSRRF8k7BBZERGaqtInjbr-s,2020-12-19,-20,0,-21,-13,-9,8
PE,Peru,Lima Province,"",,PE-LMA,,ChIJSRRF8k7BBZERGaqtInjbr-s,2020-12-20,-24,-6,-28,-18,3,9
PE,Peru,Lima Province,"",,PE-LMA,,ChIJSRRF8k7BBZERGaqtInjbr-s,2020-12-21,-21,-2,-23,-28,-29,12
PE,Peru,Lima Province,"",,PE-LMA,,ChIJSRRF8k7BBZERGaqtInjbr-s,2020-12-22,-19,5,-20,-26,-30,12
PE,Peru,Lima Province,"",,PE-LMA,,ChIJSRRF8k7BBZERGaqtInjbr-s,2020-12-23,-14,18,-14,-20,-27,10
PE,Peru,Lima Province,"",,PE-LMA,,ChIJSRRF8k7BBZERGaqtInjbr-s,2020-12-24,-41,7,-43,-50,-54,25
PE,Peru,Lima Province,"",,PE-LMA,,ChIJSRRF8k7BBZERGaqtInjbr-s,2020-12-25,-82,-70,-67,-80,-81,37
PE,Peru,Lima Province,"",,PE-LMA,,ChIJSRRF8k7BBZERGaqtInjbr-s,2020-12-26,-34,-15,-35,-34,-19,12
PE,Peru,Lima Province,"",,PE-LMA,,ChIJSRRF8k7BBZERGaqtInjbr-s,2020-12-27,-39,-22,-37,-34,-4,12
PE,Peru,Lima Province,"",,PE-LMA,,ChIJSRRF8k7BBZERGaqtInjbr-s,2020-12-28,-29,-14,-27,-34,-31,15
PE,Peru,Lima Province,"",,PE-LMA,,ChIJSRRF8k7BBZERGaqtInjbr-s,2020-12-29,-27,-8,-27,-33,-32,14
PE,Peru,Lima Province,"",,PE-LMA,,ChIJSRRF8k7BBZERGaqtInjbr-s,2020-12-30,-22,4,-24,-28,-29,12
PE,Peru,Lima Province,"",,PE-LMA,,ChIJSRRF8k7BBZERGaqtInjbr-s,2020-12-31,-38,10,-40,-46,-51,23
